team_id,number,name,active
U13,26,Adam Kromuss,True
U13,19,Adar Neco Isikli,True
U13,15,August Andersen,True
U13,18,Benjamin Gulbæk,True
U13,9,Benjamin Schmidt,True
U13,17,Damian Wagner Olsen,True
U13,16,Dirch Jochumsen,True
U13,1,Emil Lund Mølgaard,True
U13,8,Gustav Schou-Schmidt,True
U13,11,Hamudi Ahmad Noureddine,True
U13,5,Johan Stokholm Andersen,True
U13,20,Kristopher Brøndsted Matthiessen,True
U13,3,Laurits Filt,True
U13,12,Mahdi Jalil,True
U13,2,Max Elmeskov,True
U13,4,Mikkel Mikael Mogensen,True
U13,7,Milas Hecht,True
U13,14,Noah Sabur Daschna,True
U13,6,Olivar Evald Haastrup Jensen,True
U13,10,Oscar Leinert Frederiksen,True
U14,13,Adam Schumann,True
U14,7,Aksel Duevang Rasmussen,True
U14,19,Albert Gjesing,True
U14,22,Alexander Lie,True
U14,10,August Lenvig,True
U14,16,Axel Green,True
U14,11,Benjamin Mehakovic,True
U14,4,Bertil Stennei Rud,True
U14,23,Buster Rolsted Aller,True
U14,12,Elias Frederik Fjordager,True
U14,3,Hjalte Kjeldsholm Mikkelsen,True
U14,5,Liam Kasic,True
U14,2,Malthe Høst,True
U14,6,Malthe Vang Hansen,True
U14,8,Michas Nylander,True
U14,18,Milas Kimer Løvhøj,True
U14,20,Nichlas Ganzhorn,True
U14,1,Tobias Kær Møller,True
U14,9,Tristan Larsen-Hedemann,True
U14,15,Valdemar Frimodt Førster,True
U14,14,Yaroslav Tiutin,True
U15,14,Alexander Gärtner,True
U15,18,Andy Andrew Jørgensen,True
U15,20,Arda Kuru,True
U15,1,Bertram Haagensen,True
U15,2,Elias Asger Møller Jakobsen,True
U15,5,Elias Marcher,True
U15,7,Hector Chapipis,True
U15,22,Holger Teerawong Rasmussen,True
U15,3,Johan Holm,True
U15,17,Mikkel Friedel,True
U15,9,Milan Kildentoft,True
U15,8,Milas Christensen,True
U15,21,Muntasir Osman,True
U15,11,Nicholas Wiberg,True
U15,19,Nicolai Victor Højgaard Larsen,True
U15,23,Noah Damsgaard,True
U15,10,Oskar Lind Hermansen,True
U15,12,Samuel Bech Andersen,True
U15,4,Victor Knudsen,True
U15,15,Villads Rasmussen,True
U15,13,Villum Kobbernagel,True
U15,6,Willi Lund,True
U17,54,Afope Jimoh,True
U17,12,Benjamin Boye Olsen,True
U17,26,Bertram Løwe Larsen,True
U17,19,Charles Mattesso,True
U17,2,David Uhlmann,True
U17,14,Deshawn Lawrence,True
U17,21,Emil Galijatovic,True
U17,19,Enes Gürel,True
U17,6,Felix Dyna,True
U17,7,Felix Krarup,True
U17,16,Jamal Hasno,True
U17,1,Jeppe Larsen,True
U17,20,Lasse Osbæck Thomsen,True
U17,23,Lucas Lykke Adu,True
U17,20,Mads Lind Hermansen,True
U17,4,Oliver Fris,True
U17,7,Oliver Petersson,True
U17,14,Oskar Hansen,True
U17,2,Oskar Storskov,True
U17,8,Sebastian Nørmølle Madsen,True
U17,13,Victor Elias Nielsen,True
U17,9,Villiam Krone,True
U17,0,William Klerell,True
U17,6,Willum Brix Storm,True
U17,10,Yasin Benjamin Dikmen,True
U19,7,Adam Choukri,True
U19,19,Adam Vannini Lazarotti,True
U19,12,Alexander Smith Bejer-Andersen,True
U19,15,Arif Loki,True
U19,5,August Halling(t),True
U19,1,Emil Niemann,True
U19,18,Emil Stig Jensen,True
U19,10,Ibrahim Figuigui,True
U19,2,Kasper Sørensen,True
U19,11,Lukas Achton,True
U19,23,Marcus Mikael Mogensen,True
U19,16,Mathias Fris Hansen,True
U19,13,Milas Eklund,True
U19,20,Nicolai Birkedal Pedersen,True
U19,22,Noah Stolshøj,True
U19,3,Oliver Engberg,True
U19,6,Oliver Larsen,True
U19,9,Omran Khattar,True
U19,14,Rasmus Wengel Lund,True
U19,4,Sebastian Rosenwanger,True
U19,21,Topper Rolsted Aller,True
U19,8,Victor Musse(t),True
U19,17,Zacharias Durup,True
